pT GeV/c,min.bias,err,0–5%,err,5–10%,err,10–15%,err,15–20%,err,20–30%,err,30–40%,err,40–50%,err,50–60%,err,60–70%,err,70–80%,err,80–92%,err
0.25,1.02e+02,7.9e-01,3.15e+02,2.4e+00,2.71e+02,2.1e+00,2.27e+02,1.8e+00,1.95e+02,1.5e+00,1.51e+02,1.2e+00,1.02e+02,7.9e-01,6.53e+01,5.1e-01,3.92e+01,3.1e-01,2.07e+01,1.7e-01,9.77e+00,8.2e-02,5.03e+00,4.5e-02
0.35,5.92e+01,4.6e-01,1.94e+02,1.5e+00,1.64e+02,1.3e+00,1.35e+02,1.1e+00,1.13e+02,9.0e-01,8.62e+01,6.8e-01,5.68e+01,4.5e-01,3.56e+01,2.8e-01,2.10e+01,1.7e-01,1.09e+01,9.0e-02,5.19e+00,4.6e-02,2.67e+00,2.6e-02
0.45,3.56e+01,2.9e-01,1.19e+02,9.8e-01,9.93e+01,8.2e-01,8.18e+01,6.8e-01,6.86e+01,5.7e-01,5.18e+01,4.3e-01,3.36e+01,2.8e-01,2.08e+01,1.7e-01,1.21e+01,1.0e-01,6.21e+00,5.5e-02,2.84e+00,2.8e-02,1.45e+00,1.6e-02
0.55,2.18e+01,1.9e-01,7.37e+01,6.5e-01,6.17e+01,5.4e-01,5.04e+01,4.5e-01,4.22e+01,3.7e-01,3.17e+01,2.8e-01,2.04e+01,1.8e-01,1.24e+01,1.1e-01,7.13e+00,6.6e-02,3.59e+00,3.5e-02,1.62e+00,1.8e-02,8.13e-01,1.1e-02
0.65,1.34e+01,1.2e-01,4.57e+01,4.3e-01,3.82e+01,3.6e-01,3.15e+01,3.0e-01,2.61e+01,2.5e-01,1.95e+01,1.8e-01,1.26e+01,1.2e-01,7.57e+00,7.4e-02,4.30e+00,4.4e-02,2.16e+00,2.4e-02,9.32e-01,1.2e-02,4.54e-01,7.3e-03
0.75,8.36e+00,8.2e-02,2.86e+01,2.9e-01,2.40e+01,2.4e-01,1.96e+01,2.0e-01,1.63e+01,1.7e-01,1.22e+01,1.2e-01,7.81e+00,8.0e-02,4.67e+00,4.9e-02,2.61e+00,2.9e-02,1.30e+00,1.6e-02,5.61e-01,8.6e-03,2.70e-01,5.3e-03
0.85,5.44e+00,5.7e-02,1.86e+01,2.0e-01,1.56e+01,1.7e-01,1.28e+01,1.4e-01,1.06e+01,1.2e-01,7.96e+00,8.7e-02,5.06e+00,5.7e-02,3.04e+00,3.5e-02,1.68e+00,2.1e-02,8.30e-01,1.2e-02,3.52e-01,6.4e-03,1.59e-01,3.9e-03
0.95,3.58e+00,4.1e-02,1.22e+01,1.4e-01,1.02e+01,1.2e-01,8.47e+00,1.0e-01,7.01e+00,8.6e-02,5.31e+00,6.3e-02,3.37e+00,4.1e-02,1.99e+00,2.6e-02,1.10e+00,1.5e-02,5.26e-01,8.7e-03,2.27e-01,5.0e-03,1.07e-01,3.2e-03
1.05,2.35e+00,2.8e-02,8.02e+00,1.0e-01,6.75e+00,8.7e-02,5.57e+00,7.2e-02,4.68e+00,6.2e-02,3.45e+00,4.4e-02,2.18e+00,2.9e-02,1.30e+00,1.8e-02,7.13e-01,1.1e-02,3.45e-01,6.6e-03,1.41e-01,3.8e-03,6.63e-02,2.4e-03
1.15,1.62e+00,2.1e-02,5.55e+00,7.7e-02,4.64e+00,6.5e-02,3.83e+00,5.5e-02,3.19e+00,4.6e-02,2.36e+00,3.3e-02,1.52e+00,2.2e-02,8.96e-01,1.4e-02,4.88e-01,8.8e-03,2.32e-01,5.2e-03,9.75e-02,3.1e-03,4.46e-02,2.0e-03
1.25,1.04e+00,1.4e-02,3.53e+00,5.2e-02,2.94e+00,4.4e-02,2.46e+00,3.8e-02,2.05e+00,3.2e-02,1.55e+00,2.3e-02,9.75e-01,1.5e-02,5.68e-01,9.8e-03,3.12e-01,6.3e-03,1.47e-01,3.8e-03,6.31e-02,2.4e-03,2.65e-02,1.5e-03
1.35,7.54e-01,1.1e-02,2.55e+00,4.1e-02,2.19e+00,3.6e-02,1.80e+00,3.0e-02,1.49e+00,2.6e-02,1.10e+00,1.8e-02,7.11e-01,1.2e-02,4.18e-01,8.2e-03,2.29e-01,5.3e-03,1.05e-01,3.2e-03,4.17e-02,1.9e-03,2.02e-02,1.3e-03
1.45,5.07e-01,7.6e-03,1.71e+00,3.0e-02,1.48e+00,2.7e-02,1.22e+00,2.2e-02,9.90e-01,1.9e-02,7.55e-01,1.3e-02,4.76e-01,9.2e-03,2.75e-01,6.1e-03,1.51e-01,4.1e-03,7.32e-02,2.6e-03,2.81e-02,1.6e-03,1.28e-02,1.0e-03
1.55,3.61e-01,5.7e-03,1.20e+00,2.3e-02,1.02e+00,2.0e-02,8.63e-01,1.8e-02,7.11e-01,1.5e-02,5.41e-01,1.1e-02,3.42e-01,7.4e-03,2.01e-01,5.0e-03,1.10e-01,3.4e-03,5.15e-02,2.2e-03,2.11e-02,1.4e-03,9.27e-03,8.8e-04
1.65,2.46e-01,4.0e-03,8.02e-01,1.7e-02,6.94e-01,1.5e-02,5.86e-01,1.3e-02,4.85e-01,1.2e-02,3.71e-01,7.9e-03,2.37e-01,5.7e-03,1.40e-01,3.9e-03,7.11e-02,2.6e-03,3.83e-02,1.8e-03,1.53e-02,1.1e-03,6.56e-03,7.3e-04
1.75,1.73e-01,3.0e-03,5.65e-01,1.3e-02,4.91e-01,1.2e-02,4.10e-01,1.0e-02,3.43e-01,9.2e-03,2.56e-01,6.1e-03,1.68e-01,4.5e-03,9.60e-02,3.1e-03,5.38e-02,2.2e-03,2.51e-02,1.4e-03,1.08e-02,9.5e-04,5.14e-03,6.5e-04
1.85,1.25e-01,2.3e-03,4.05e-01,1.1e-02,3.48e-01,9.6e-03,3.00e-01,8.5e-03,2.38e-01,7.3e-03,1.93e-01,5.0e-03,1.20e-01,3.7e-03,7.36e-02,2.7e-03,4.00e-02,1.9e-03,1.87e-02,1.2e-03,8.06e-03,8.2e-04,3.51e-03,5.3e-04
1.95,8.97e-02,1.8e-03,2.85e-01,8.8e-03,2.53e-01,8.1e-03,2.12e-01,7.1e-03,1.74e-01,6.2e-03,1.36e-01,4.1e-03,8.73e-02,3.1e-03,5.34e-02,2.3e-03,2.88e-02,1.6e-03,1.30e-02,1.1e-03,6.03e-03,7.3e-04,2.70e-03,4.8e-04
2.05,6.10e-02,1.1e-03,1.89e-01,5.8e-03,1.64e-01,5.4e-03,1.42e-01,4.8e-03,1.16e-01,4.2e-03,9.65e-02,2.9e-03,6.46e-02,2.2e-03,3.64e-02,1.6e-03,2.04e-02,1.2e-03,8.63e-03,7.4e-04,4.23e-03,5.3e-04,1.40e-03,3.0e-04
2.15,4.43e-02,8.7e-04,1.32e-01,4.8e-03,1.20e-01,4.5e-03,1.01e-01,4.0e-03,8.98e-02,3.7e-03,6.97e-02,2.4e-03,4.55e-02,1.9e-03,2.72e-02,1.4e-03,1.53e-02,1.0e-03,6.88e-03,6.7e-04,3.17e-03,4.6e-04,1.25e-03,2.9e-04
2.25,3.20e-02,7.0e-04,9.24e-02,4.0e-03,8.31e-02,3.8e-03,7.21e-02,3.4e-03,6.55e-02,3.2e-03,5.15e-02,2.1e-03,3.60e-02,1.7e-03,1.95e-02,1.2e-03,1.08e-02,8.8e-04,4.71e-03,5.7e-04,1.89e-03,3.7e-04,8.66e-04,2.5e-04
2.35,2.52e-02,6.3e-04,7.07e-02,3.7e-03,6.29e-02,3.5e-03,5.95e-02,3.3e-03,5.02e-02,2.9e-03,3.83e-02,1.9e-03,2.83e-02,1.6e-03,1.76e-02,1.2e-03,8.95e-03,8.4e-04,4.42e-03,5.8e-04,1.96e-03,4.0e-04,6.65e-04,2.3e-04
2.45,1.79e-02,5.1e-04,4.71e-02,3.0e-03,4.47e-02,2.9e-03,3.97e-02,2.7e-03,3.62e-02,2.5e-03,2.84e-02,1.6e-03,1.94e-02,1.3e-03,1.33e-02,1.0e-03,7.17e-03,7.6e-04,3.04e-03,4.9e-04,1.17e-03,3.1e-04,5.61e-04,2.1e-04
2.55,1.41e-02,4.8e-04,3.50e-02,2.8e-03,3.33e-02,2.7e-03,3.28e-02,2.7e-03,2.55e-02,2.3e-03,2.37e-02,1.6e-03,1.57e-02,1.3e-03,1.06e-02,1.0e-03,5.72e-03,7.5e-04,2.96e-03,5.3e-04,1.16e-03,3.4e-04,3.79e-04,1.9e-04
2.65,1.06e-02,4.1e-04,2.69e-02,2.5e-03,2.36e-02,2.3e-03,2.22e-02,2.2e-03,2.01e-02,2.1e-03,1.68e-02,1.4e-03,1.30e-02,1.2e-03,8.20e-03,9.1e-04,4.94e-03,7.1e-04,2.21e-03,4.7e-04,8.05e-04,2.9e-04,4.14e-04,2.0e-04
2.75,8.05e-03,3.7e-04,1.99e-02,2.3e-03,1.67e-02,2.1e-03,1.61e-02,2.0e-03,1.57e-02,1.9e-03,1.35e-02,1.3e-03,1.06e-02,1.1e-03,6.35e-03,8.5e-04,3.43e-03,6.3e-04,1.54e-03,4.2e-04,3.78e-04,2.1e-04,3.34e-04,2.0e-04
2.85,6.45e-03,3.5e-04,1.45e-02,2.1e-03,1.63e-02,2.2e-03,1.21e-02,1.9e-03,1.30e-02,1.9e-03,1.03e-02,1.2e-03,8.61e-03,1.1e-03,5.10e-03,8.3e-04,2.67e-03,6.0e-04,1.24e-03,4.1e-04,2.87e-04,2.0e-04,2.85e-04,2.0e-04
2.95,4.95e-03,3.2e-04,1.08e-02,1.9e-03,1.16e-02,2.0e-03,1.03e-02,1.8e-03,9.44e-03,1.7e-03,8.45e-03,1.2e-03,6.16e-03,9.8e-04,3.72e-03,7.5e-04,1.73e-03,5.1e-04,1.25e-03,4.3e-04,6.75e-04,3.2e-04,2.04e-04,1.8e-04
