# NA35 S+S 200 A GeV — real HEPData (Tables 23,24,25)
# species  mT-m0[GeV]  dN/(mT dmT)  err
pi  0.16043  13.0823  1.005
pi  0.36043000000000003  6.7874  0.4476
pi  0.56043  3.9539  0.2216
pi  0.76043  1.5155  0.1217
pi  0.9604300000000001  0.629  0.0661
pi  1.16043  0.3368  0.0375
pi  1.36043  0.0913  0.0202
pi  1.56043  0.0519  0.0137
pi  1.76043  0.0043  0.0078
K  0.006330000000000002  2.665  0.5888
K  0.20632999999999996  1.3726  0.2662
K  0.40633  0.4707  0.137
K  0.60633  0.2901  0.0805
K  0.80633  0.0554  0.0417
K  1.00633  0.01  0.0159
K  1.20633  0.0219  0.0138
K  1.4063299999999999  0.0049  0.0054
p  0.16173000000000004  3.2878  1.4
p  0.36173  5.2501  2.0
p  0.56173  2.2642  1.5
