# NA35 S+S 200 A GeV, pi- mT spectrum (SYNTHETIC — replace with real data)
# mT - m0 [GeV]   dn/(mT dmT) [GeV^-2]   error
0.0   1.00e-3   1.00e-4
0.1   5.21e-4   5.21e-5
0.2   2.80e-4   2.80e-5
0.3   1.54e-4   1.54e-5
0.4   8.73e-5   8.73e-6
0.5   5.05e-5   5.05e-6
0.6   2.99e-5   2.99e-6
0.7   1.81e-5   1.81e-6
0.8   1.12e-5   1.12e-6
0.9   7.02e-6   7.02e-7
1.0   4.48e-6   4.48e-7
1.1   2.92e-6   2.92e-7
1.2   1.93e-6   1.93e-7
1.3   1.30e-6   1.30e-7
1.4   8.82e-7   8.82e-8
1.5   6.06e-7   6.06e-8
1.6   4.23e-7   4.23e-8
1.7   2.99e-7   2.99e-8
1.8   2.14e-7   2.14e-8
1.9   1.55e-7   1.55e-8